"downloaded","language","form","dataset_name","child_id","age","comprehension","production","is_norming","birth_order","caregiver_education","ethnicity","race","sex","birth_weight","born_early_or_late","gestational_age","zygosity","language_exposures","health_conditions","monolingual","typically_developing"
2023-06-26,"Greek (Cypriot)","WS","Grohmann",58313,18,112,112,FALSE,NA,NA,NA,NA,"Female",NA,NA,NA,NA,NA,"",TRUE,TRUE
2023-06-26,"Greek (Cypriot)","WS","Grohmann",58314,18,143,143,FALSE,NA,NA,NA,NA,"Male",NA,NA,NA,NA,NA,"",TRUE,TRUE
2023-06-26,"Greek (Cypriot)","WS","Grohmann",58315,18,26,26,FALSE,NA,NA,NA,NA,"Female",NA,NA,NA,NA,NA,"",TRUE,TRUE
2023-06-26,"Greek (Cypriot)","WS","Grohmann",58316,18,77,77,FALSE,NA,NA,NA,NA,"Female",NA,NA,NA,NA,NA,"",TRUE,TRUE
2023-06-26,"Greek (Cypriot)","WS","Grohmann",58317,18,32,32,FALSE,NA,NA,NA,NA,"Female",NA,NA,NA,NA,NA,"",TRUE,TRUE
2023-06-26,"Greek (Cypriot)","WS","Grohmann",58318,18,47,47,FALSE,NA,NA,NA,NA,"Female",NA,NA,NA,NA,NA,"",TRUE,TRUE
2023-06-26,"Greek (Cypriot)","WS","Grohmann",58319,18,60,60,FALSE,NA,NA,NA,NA,"Male",NA,NA,NA,NA,NA,"",TRUE,TRUE
2023-06-26,"Greek (Cypriot)","WS","Grohmann",58320,18,86,86,FALSE,NA,NA,NA,NA,"Male",NA,NA,NA,NA,NA,"",TRUE,TRUE
2023-06-26,"Greek (Cypriot)","WS","Grohmann",58321,18,106,106,FALSE,NA,NA,NA,NA,"Female",NA,NA,NA,NA,NA,"",TRUE,TRUE
2023-06-26,"Greek (Cypriot)","WS","Grohmann",58322,18,57,57,FALSE,NA,NA,NA,NA,"Female",NA,NA,NA,NA,NA,"",TRUE,TRUE
2023-06-26,"Greek (Cypriot)","WS","Grohmann",58323,18,428,428,FALSE,NA,NA,NA,NA,"Female",NA,NA,NA,NA,NA,"",TRUE,TRUE
2023-06-26,"Greek (Cypriot)","WS","Grohmann",58324,18,20,20,FALSE,NA,NA,NA,NA,"Female",NA,NA,NA,NA,NA,"",TRUE,TRUE
2023-06-26,"Greek (Cypriot)","WS","Grohmann",58325,18,79,79,FALSE,NA,NA,NA,NA,"Female",NA,NA,NA,NA,NA,"",TRUE,TRUE
2023-06-26,"Greek (Cypriot)","WS","Grohmann",58326,18,227,227,FALSE,NA,NA,NA,NA,"Female",NA,NA,NA,NA,NA,"",TRUE,TRUE
2023-06-26,"Greek (Cypriot)","WS","Grohmann",58327,18,6,6,FALSE,NA,NA,NA,NA,"Male",NA,NA,NA,NA,NA,"",TRUE,TRUE
2023-06-26,"Greek (Cypriot)","WS","Grohmann",58328,18,22,22,FALSE,NA,NA,NA,NA,"Male",NA,NA,NA,NA,NA,"",TRUE,TRUE
2023-06-26,"Greek (Cypriot)","WS","Grohmann",58329,18,51,51,FALSE,NA,NA,NA,NA,"Male",NA,NA,NA,NA,NA,"",TRUE,TRUE
2023-06-26,"Greek (Cypriot)","WS","Grohmann",58330,18,12,12,FALSE,NA,NA,NA,NA,"Male",NA,NA,NA,NA,NA,"",TRUE,TRUE
2023-06-26,"Greek (Cypriot)","WS","Grohmann",58331,18,98,98,FALSE,NA,NA,NA,NA,"Male",NA,NA,NA,NA,NA,"",TRUE,TRUE
2023-06-26,"Greek (Cypriot)","WS","Grohmann",58332,18,13,13,FALSE,NA,NA,NA,NA,"Male",NA,NA,NA,NA,NA,"",TRUE,TRUE
2023-06-26,"Greek (Cypriot)","WS","Grohmann",58333,18,21,21,FALSE,NA,NA,NA,NA,"Female",NA,NA,NA,NA,NA,"",TRUE,TRUE
2023-06-26,"Greek (Cypriot)","WS","Grohmann",58334,18,30,30,FALSE,NA,NA,NA,NA,"Male",NA,NA,NA,NA,NA,"",TRUE,TRUE
2023-06-26,"Greek (Cypriot)","WS","Grohmann",58335,18,72,72,FALSE,NA,NA,NA,NA,"Male",NA,NA,NA,NA,NA,"",TRUE,TRUE
2023-06-26,"Greek (Cypriot)","WS","Grohmann",58336,18,92,92,FALSE,NA,NA,NA,NA,"Male",NA,NA,NA,NA,NA,"",TRUE,TRUE
2023-06-26,"Greek (Cypriot)","WS","Grohmann",58337,18,18,18,FALSE,NA,NA,NA,NA,"Male",NA,NA,NA,NA,NA,"",TRUE,TRUE
2023-06-26,"Greek (Cypriot)","WS","Grohmann",58338,18,35,35,FALSE,NA,NA,NA,NA,"Male",NA,NA,NA,NA,NA,"",TRUE,TRUE
2023-06-26,"Greek (Cypriot)","WS","Grohmann",58339,18,40,40,FALSE,NA,NA,NA,NA,"Male",NA,NA,NA,NA,NA,"",TRUE,TRUE
2023-06-26,"Greek (Cypriot)","WS","Grohmann",58340,18,33,33,FALSE,NA,NA,NA,NA,"Female",NA,NA,NA,NA,NA,"",TRUE,TRUE
2023-06-26,"Greek (Cypriot)","WS","Grohmann",58341,18,5,5,FALSE,NA,NA,NA,NA,"Female",NA,NA,NA,NA,NA,"",TRUE,TRUE
2023-06-26,"Greek (Cypriot)","WS","Grohmann",58342,18,70,70,FALSE,NA,NA,NA,NA,"Male",NA,NA,NA,NA,NA,"",TRUE,TRUE
2023-06-26,"Greek (Cypriot)","WS","Grohmann",58343,18,85,85,FALSE,NA,NA,NA,NA,"Female",NA,NA,NA,NA,NA,"",TRUE,TRUE
2023-06-26,"Greek (Cypriot)","WS","Grohmann",58344,18,224,224,FALSE,NA,NA,NA,NA,"Female",NA,NA,NA,NA,NA,"",TRUE,TRUE
2023-06-26,"Greek (Cypriot)","WS","Grohmann",58345,18,61,61,FALSE,NA,NA,NA,NA,"Female",NA,NA,NA,NA,NA,"",TRUE,TRUE
2023-06-26,"Greek (Cypriot)","WS","Grohmann",58346,18,13,13,FALSE,NA,NA,NA,NA,"Female",NA,NA,NA,NA,NA,"",TRUE,TRUE
2023-06-26,"Greek (Cypriot)","WS","Grohmann",58347,18,40,40,FALSE,NA,NA,NA,NA,"Female",NA,NA,NA,NA,NA,"",TRUE,TRUE
2023-06-26,"Greek (Cypriot)","WS","Grohmann",58348,18,95,95,FALSE,NA,NA,NA,NA,"Male",NA,NA,NA,NA,NA,"",TRUE,TRUE
2023-06-26,"Greek (Cypriot)","WS","Grohmann",58349,18,38,38,FALSE,NA,NA,NA,NA,"Male",NA,NA,NA,NA,NA,"",TRUE,TRUE
2023-06-26,"Greek (Cypriot)","WS","Grohmann",58350,18,116,116,FALSE,NA,NA,NA,NA,"Female",NA,NA,NA,NA,NA,"",TRUE,TRUE
2023-06-26,"Greek (Cypriot)","WS","Grohmann",58351,18,21,21,FALSE,NA,NA,NA,NA,"Male",NA,NA,NA,NA,NA,"",TRUE,TRUE
2023-06-26,"Greek (Cypriot)","WS","Grohmann",58352,18,59,59,FALSE,NA,NA,NA,NA,"Female",NA,NA,NA,NA,NA,"",TRUE,TRUE
2023-06-26,"Greek (Cypriot)","WS","Grohmann",58353,18,232,232,FALSE,NA,NA,NA,NA,"Female",NA,NA,NA,NA,NA,"",TRUE,TRUE
2023-06-26,"Greek (Cypriot)","WS","Grohmann",58354,18,61,61,FALSE,NA,NA,NA,NA,"Female",NA,NA,NA,NA,NA,"",TRUE,TRUE
2023-06-26,"Greek (Cypriot)","WS","Grohmann",58355,18,4,4,FALSE,NA,NA,NA,NA,"Female",NA,NA,NA,NA,NA,"",TRUE,TRUE
2023-06-26,"Greek (Cypriot)","WS","Grohmann",58356,18,16,16,FALSE,NA,NA,NA,NA,"Male",NA,NA,NA,NA,NA,"",TRUE,TRUE
2023-06-26,"Greek (Cypriot)","WS","Grohmann",58357,18,37,37,FALSE,NA,NA,NA,NA,"Male",NA,NA,NA,NA,NA,"",TRUE,TRUE
2023-06-26,"Greek (Cypriot)","WS","Grohmann",58358,21,127,127,FALSE,NA,NA,NA,NA,"Female",NA,NA,NA,NA,NA,"",TRUE,TRUE
2023-06-26,"Greek (Cypriot)","WS","Grohmann",58359,21,60,60,FALSE,NA,NA,NA,NA,"Male",NA,NA,NA,NA,NA,"",TRUE,TRUE
2023-06-26,"Greek (Cypriot)","WS","Grohmann",58360,21,227,227,FALSE,NA,NA,NA,NA,"Male",NA,NA,NA,NA,NA,"",TRUE,TRUE
2023-06-26,"Greek (Cypriot)","WS","Grohmann",58361,21,341,341,FALSE,NA,NA,NA,NA,"Male",NA,NA,NA,NA,NA,"",TRUE,TRUE
2023-06-26,"Greek (Cypriot)","WS","Grohmann",58362,21,170,170,FALSE,NA,NA,NA,NA,"Male",NA,NA,NA,NA,NA,"",TRUE,TRUE
2023-06-26,"Greek (Cypriot)","WS","Grohmann",58363,21,247,247,FALSE,NA,NA,NA,NA,"Female",NA,NA,NA,NA,NA,"",TRUE,TRUE
2023-06-26,"Greek (Cypriot)","WS","Grohmann",58364,21,113,113,FALSE,NA,NA,NA,NA,"Female",NA,NA,NA,NA,NA,"",TRUE,TRUE
2023-06-26,"Greek (Cypriot)","WS","Grohmann",58365,21,74,74,FALSE,NA,NA,NA,NA,"Female",NA,NA,NA,NA,NA,"",TRUE,TRUE
2023-06-26,"Greek (Cypriot)","WS","Grohmann",58366,21,167,167,FALSE,NA,NA,NA,NA,"Female",NA,NA,NA,NA,NA,"",TRUE,TRUE
2023-06-26,"Greek (Cypriot)","WS","Grohmann",58367,21,309,309,FALSE,NA,NA,NA,NA,"Female",NA,NA,NA,NA,NA,"",TRUE,TRUE
2023-06-26,"Greek (Cypriot)","WS","Grohmann",58368,21,365,365,FALSE,NA,NA,NA,NA,"Female",NA,NA,NA,NA,NA,"",TRUE,TRUE
2023-06-26,"Greek (Cypriot)","WS","Grohmann",58369,21,283,283,FALSE,NA,NA,NA,NA,"Male",NA,NA,NA,NA,NA,"",TRUE,TRUE
2023-06-26,"Greek (Cypriot)","WS","Grohmann",58370,21,387,387,FALSE,NA,NA,NA,NA,"Female",NA,NA,NA,NA,NA,"",TRUE,TRUE
2023-06-26,"Greek (Cypriot)","WS","Grohmann",58371,21,120,120,FALSE,NA,NA,NA,NA,"Female",NA,NA,NA,NA,NA,"",TRUE,TRUE
2023-06-26,"Greek (Cypriot)","WS","Grohmann",58372,21,103,103,FALSE,NA,NA,NA,NA,"Male",NA,NA,NA,NA,NA,"",TRUE,TRUE
2023-06-26,"Greek (Cypriot)","WS","Grohmann",58373,21,101,101,FALSE,NA,NA,NA,NA,"Female",NA,NA,NA,NA,NA,"",TRUE,TRUE
2023-06-26,"Greek (Cypriot)","WS","Grohmann",58374,21,42,42,FALSE,NA,NA,NA,NA,"Male",NA,NA,NA,NA,NA,"",TRUE,TRUE
2023-06-26,"Greek (Cypriot)","WS","Grohmann",58375,21,103,103,FALSE,NA,NA,NA,NA,"Male",NA,NA,NA,NA,NA,"",TRUE,TRUE
2023-06-26,"Greek (Cypriot)","WS","Grohmann",58376,21,272,272,FALSE,NA,NA,NA,NA,"Female",NA,NA,NA,NA,NA,"",TRUE,TRUE
2023-06-26,"Greek (Cypriot)","WS","Grohmann",58377,21,314,314,FALSE,NA,NA,NA,NA,"Female",NA,NA,NA,NA,NA,"",TRUE,TRUE
2023-06-26,"Greek (Cypriot)","WS","Grohmann",58378,24,244,244,FALSE,NA,NA,NA,NA,"Male",NA,NA,NA,NA,NA,"",TRUE,TRUE
2023-06-26,"Greek (Cypriot)","WS","Grohmann",58379,21,74,74,FALSE,NA,NA,NA,NA,"Female",NA,NA,NA,NA,NA,"",TRUE,TRUE
2023-06-26,"Greek (Cypriot)","WS","Grohmann",58380,21,33,33,FALSE,NA,NA,NA,NA,"Male",NA,NA,NA,NA,NA,"",TRUE,TRUE
2023-06-26,"Greek (Cypriot)","WS","Grohmann",58381,21,17,17,FALSE,NA,NA,NA,NA,"Male",NA,NA,NA,NA,NA,"",TRUE,TRUE
2023-06-26,"Greek (Cypriot)","WS","Grohmann",58382,21,8,8,FALSE,NA,NA,NA,NA,"Male",NA,NA,NA,NA,NA,"",TRUE,TRUE
2023-06-26,"Greek (Cypriot)","WS","Grohmann",58383,21,11,11,FALSE,NA,NA,NA,NA,"Male",NA,NA,NA,NA,NA,"",TRUE,TRUE
2023-06-26,"Greek (Cypriot)","WS","Grohmann",58384,21,80,80,FALSE,NA,NA,NA,NA,"Male",NA,NA,NA,NA,NA,"",TRUE,TRUE
2023-06-26,"Greek (Cypriot)","WS","Grohmann",58385,21,103,103,FALSE,NA,NA,NA,NA,"Female",NA,NA,NA,NA,NA,"",TRUE,TRUE
2023-06-26,"Greek (Cypriot)","WS","Grohmann",58386,21,72,72,FALSE,NA,NA,NA,NA,"Female",NA,NA,NA,NA,NA,"",TRUE,TRUE
2023-06-26,"Greek (Cypriot)","WS","Grohmann",58387,21,44,44,FALSE,NA,NA,NA,NA,"Male",NA,NA,NA,NA,NA,"",TRUE,TRUE
2023-06-26,"Greek (Cypriot)","WS","Grohmann",58388,21,284,284,FALSE,NA,NA,NA,NA,"Female",NA,NA,NA,NA,NA,"",TRUE,TRUE
2023-06-26,"Greek (Cypriot)","WS","Grohmann",58389,21,24,24,FALSE,NA,NA,NA,NA,"Female",NA,NA,NA,NA,NA,"",TRUE,TRUE
2023-06-26,"Greek (Cypriot)","WS","Grohmann",58390,21,40,40,FALSE,NA,NA,NA,NA,"Male",NA,NA,NA,NA,NA,"",TRUE,TRUE
2023-06-26,"Greek (Cypriot)","WS","Grohmann",58391,21,117,117,FALSE,NA,NA,NA,NA,"Male",NA,NA,NA,NA,NA,"",TRUE,TRUE
2023-06-26,"Greek (Cypriot)","WS","Grohmann",58392,21,167,167,FALSE,NA,NA,NA,NA,"Female",NA,NA,NA,NA,NA,"",TRUE,TRUE
2023-06-26,"Greek (Cypriot)","WS","Grohmann",58393,21,77,77,FALSE,NA,NA,NA,NA,"Female",NA,NA,NA,NA,NA,"",TRUE,TRUE
2023-06-26,"Greek (Cypriot)","WS","Grohmann",58394,24,410,410,FALSE,NA,NA,NA,NA,"Male",NA,NA,NA,NA,NA,"",TRUE,TRUE
2023-06-26,"Greek (Cypriot)","WS","Grohmann",58395,24,365,365,FALSE,NA,NA,NA,NA,"Male",NA,NA,NA,NA,NA,"",TRUE,TRUE
2023-06-26,"Greek (Cypriot)","WS","Grohmann",58396,24,231,231,FALSE,NA,NA,NA,NA,"Male",NA,NA,NA,NA,NA,"",TRUE,TRUE
2023-06-26,"Greek (Cypriot)","WS","Grohmann",58397,24,226,226,FALSE,NA,NA,NA,NA,"Male",NA,NA,NA,NA,NA,"",TRUE,TRUE
2023-06-26,"Greek (Cypriot)","WS","Grohmann",58398,24,366,366,FALSE,NA,NA,NA,NA,"Female",NA,NA,NA,NA,NA,"",TRUE,TRUE
2023-06-26,"Greek (Cypriot)","WS","Grohmann",58399,24,373,373,FALSE,NA,NA,NA,NA,"Male",NA,NA,NA,NA,NA,"",TRUE,TRUE
2023-06-26,"Greek (Cypriot)","WS","Grohmann",58400,24,464,464,FALSE,NA,NA,NA,NA,"Male",NA,NA,NA,NA,NA,"",TRUE,TRUE
2023-06-26,"Greek (Cypriot)","WS","Grohmann",58401,24,179,179,FALSE,NA,NA,NA,NA,"Female",NA,NA,NA,NA,NA,"",TRUE,TRUE
2023-06-26,"Greek (Cypriot)","WS","Grohmann",58402,24,221,221,FALSE,NA,NA,NA,NA,"Male",NA,NA,NA,NA,NA,"",TRUE,TRUE
2023-06-26,"Greek (Cypriot)","WS","Grohmann",58403,24,113,113,FALSE,NA,NA,NA,NA,"Male",NA,NA,NA,NA,NA,"",TRUE,TRUE
2023-06-26,"Greek (Cypriot)","WS","Grohmann",58404,24,263,263,FALSE,NA,NA,NA,NA,"Female",NA,NA,NA,NA,NA,"",TRUE,TRUE
2023-06-26,"Greek (Cypriot)","WS","Grohmann",58405,24,189,189,FALSE,NA,NA,NA,NA,"Male",NA,NA,NA,NA,NA,"",TRUE,TRUE
2023-06-26,"Greek (Cypriot)","WS","Grohmann",58406,24,247,247,FALSE,NA,NA,NA,NA,"Male",NA,NA,NA,NA,NA,"",TRUE,TRUE
2023-06-26,"Greek (Cypriot)","WS","Grohmann",58407,24,239,239,FALSE,NA,NA,NA,NA,"Female",NA,NA,NA,NA,NA,"",TRUE,TRUE
2023-06-26,"Greek (Cypriot)","WS","Grohmann",58408,24,44,44,FALSE,NA,NA,NA,NA,"Male",NA,NA,NA,NA,NA,"",TRUE,TRUE
2023-06-26,"Greek (Cypriot)","WS","Grohmann",58409,24,23,23,FALSE,NA,NA,NA,NA,"Male",NA,NA,NA,NA,NA,"",TRUE,TRUE
2023-06-26,"Greek (Cypriot)","WS","Grohmann",58410,24,79,79,FALSE,NA,NA,NA,NA,"Female",NA,NA,NA,NA,NA,"",TRUE,TRUE
2023-06-26,"Greek (Cypriot)","WS","Grohmann",58411,24,282,282,FALSE,NA,NA,NA,NA,"Male",NA,NA,NA,NA,NA,"",TRUE,TRUE
2023-06-26,"Greek (Cypriot)","WS","Grohmann",58412,24,499,499,FALSE,NA,NA,NA,NA,"Female",NA,NA,NA,NA,NA,"",TRUE,TRUE
2023-06-26,"Greek (Cypriot)","WS","Grohmann",58413,24,555,555,FALSE,NA,NA,NA,NA,"Female",NA,NA,NA,NA,NA,"",TRUE,TRUE
2023-06-26,"Greek (Cypriot)","WS","Grohmann",58414,24,195,195,FALSE,NA,NA,NA,NA,"Male",NA,NA,NA,NA,NA,"",TRUE,TRUE
2023-06-26,"Greek (Cypriot)","WS","Grohmann",58415,24,386,386,FALSE,NA,NA,NA,NA,"Female",NA,NA,NA,NA,NA,"",TRUE,TRUE
2023-06-26,"Greek (Cypriot)","WS","Grohmann",58416,24,475,475,FALSE,NA,NA,NA,NA,"Female",NA,NA,NA,NA,NA,"",TRUE,TRUE
2023-06-26,"Greek (Cypriot)","WS","Grohmann",58417,24,559,559,FALSE,NA,NA,NA,NA,"Male",NA,NA,NA,NA,NA,"",TRUE,TRUE
2023-06-26,"Greek (Cypriot)","WS","Grohmann",58418,24,379,379,FALSE,NA,NA,NA,NA,"Male",NA,NA,NA,NA,NA,"",TRUE,TRUE
2023-06-26,"Greek (Cypriot)","WS","Grohmann",58419,24,106,106,FALSE,NA,NA,NA,NA,"Female",NA,NA,NA,NA,NA,"",TRUE,TRUE
2023-06-26,"Greek (Cypriot)","WS","Grohmann",58420,24,164,164,FALSE,NA,NA,NA,NA,"Male",NA,NA,NA,NA,NA,"",TRUE,TRUE
2023-06-26,"Greek (Cypriot)","WS","Grohmann",58421,24,425,425,FALSE,NA,NA,NA,NA,"Female",NA,NA,NA,NA,NA,"",TRUE,TRUE
2023-06-26,"Greek (Cypriot)","WS","Grohmann",58422,24,147,147,FALSE,NA,NA,NA,NA,"Male",NA,NA,NA,NA,NA,"",TRUE,TRUE
2023-06-26,"Greek (Cypriot)","WS","Grohmann",58423,24,453,453,FALSE,NA,NA,NA,NA,"Male",NA,NA,NA,NA,NA,"",TRUE,TRUE
2023-06-26,"Greek (Cypriot)","WS","Grohmann",58424,24,337,337,FALSE,NA,NA,NA,NA,"Female",NA,NA,NA,NA,NA,"",TRUE,TRUE
2023-06-26,"Greek (Cypriot)","WS","Grohmann",58425,27,342,342,FALSE,NA,NA,NA,NA,"Male",NA,NA,NA,NA,NA,"",TRUE,TRUE
2023-06-26,"Greek (Cypriot)","WS","Grohmann",58426,27,474,474,FALSE,NA,NA,NA,NA,"Female",NA,NA,NA,NA,NA,"",TRUE,TRUE
2023-06-26,"Greek (Cypriot)","WS","Grohmann",58427,27,459,459,FALSE,NA,NA,NA,NA,"Female",NA,NA,NA,NA,NA,"",TRUE,TRUE
2023-06-26,"Greek (Cypriot)","WS","Grohmann",58428,27,602,602,FALSE,NA,NA,NA,NA,"Female",NA,NA,NA,NA,NA,"",TRUE,TRUE
2023-06-26,"Greek (Cypriot)","WS","Grohmann",58429,27,502,502,FALSE,NA,NA,NA,NA,"Female",NA,NA,NA,NA,NA,"",TRUE,TRUE
2023-06-26,"Greek (Cypriot)","WS","Grohmann",58430,27,382,382,FALSE,NA,NA,NA,NA,"Female",NA,NA,NA,NA,NA,"",TRUE,TRUE
2023-06-26,"Greek (Cypriot)","WS","Grohmann",58431,27,436,436,FALSE,NA,NA,NA,NA,"Female",NA,NA,NA,NA,NA,"",TRUE,TRUE
2023-06-26,"Greek (Cypriot)","WS","Grohmann",58432,27,224,224,FALSE,NA,NA,NA,NA,"Female",NA,NA,NA,NA,NA,"",TRUE,TRUE
2023-06-26,"Greek (Cypriot)","WS","Grohmann",58433,27,529,529,FALSE,NA,NA,NA,NA,"Male",NA,NA,NA,NA,NA,"",TRUE,TRUE
2023-06-26,"Greek (Cypriot)","WS","Grohmann",58434,27,382,382,FALSE,NA,NA,NA,NA,"Female",NA,NA,NA,NA,NA,"",TRUE,TRUE
2023-06-26,"Greek (Cypriot)","WS","Grohmann",58435,27,387,387,FALSE,NA,NA,NA,NA,"Male",NA,NA,NA,NA,NA,"",TRUE,TRUE
2023-06-26,"Greek (Cypriot)","WS","Grohmann",58436,27,146,146,FALSE,NA,NA,NA,NA,"Male",NA,NA,NA,NA,NA,"",TRUE,TRUE
2023-06-26,"Greek (Cypriot)","WS","Grohmann",58437,27,411,411,FALSE,NA,NA,NA,NA,"Male",NA,NA,NA,NA,NA,"",TRUE,TRUE
2023-06-26,"Greek (Cypriot)","WS","Grohmann",58438,27,364,364,FALSE,NA,NA,NA,NA,"Male",NA,NA,NA,NA,NA,"",TRUE,TRUE
2023-06-26,"Greek (Cypriot)","WS","Grohmann",58439,27,423,423,FALSE,NA,NA,NA,NA,"Female",NA,NA,NA,NA,NA,"",TRUE,TRUE
2023-06-26,"Greek (Cypriot)","WS","Grohmann",58440,27,689,689,FALSE,NA,NA,NA,NA,"Female",NA,NA,NA,NA,NA,"",TRUE,TRUE
2023-06-26,"Greek (Cypriot)","WS","Grohmann",58441,27,546,546,FALSE,NA,NA,NA,NA,"Male",NA,NA,NA,NA,NA,"",TRUE,TRUE
2023-06-26,"Greek (Cypriot)","WS","Grohmann",58442,27,445,445,FALSE,NA,NA,NA,NA,"Male",NA,NA,NA,NA,NA,"",TRUE,TRUE
2023-06-26,"Greek (Cypriot)","WS","Grohmann",58443,27,508,508,FALSE,NA,NA,NA,NA,"Female",NA,NA,NA,NA,NA,"",TRUE,TRUE
2023-06-26,"Greek (Cypriot)","WS","Grohmann",58444,27,177,177,FALSE,NA,NA,NA,NA,"Male",NA,NA,NA,NA,NA,"",TRUE,TRUE
2023-06-26,"Greek (Cypriot)","WS","Grohmann",58445,27,457,457,FALSE,NA,NA,NA,NA,"Female",NA,NA,NA,NA,NA,"",TRUE,TRUE
2023-06-26,"Greek (Cypriot)","WS","Grohmann",58446,27,14,14,FALSE,NA,NA,NA,NA,"Male",NA,NA,NA,NA,NA,"",TRUE,TRUE
2023-06-26,"Greek (Cypriot)","WS","Grohmann",58447,27,221,221,FALSE,NA,NA,NA,NA,"Female",NA,NA,NA,NA,NA,"",TRUE,TRUE
2023-06-26,"Greek (Cypriot)","WS","Grohmann",58448,27,576,576,FALSE,NA,NA,NA,NA,"Female",NA,NA,NA,NA,NA,"",TRUE,TRUE
2023-06-26,"Greek (Cypriot)","WS","Grohmann",58449,27,66,66,FALSE,NA,NA,NA,NA,"Male",NA,NA,NA,NA,NA,"",TRUE,TRUE
2023-06-26,"Greek (Cypriot)","WS","Grohmann",58450,27,311,311,FALSE,NA,NA,NA,NA,"Female",NA,NA,NA,NA,NA,"",TRUE,TRUE
2023-06-26,"Greek (Cypriot)","WS","Grohmann",58451,27,213,213,FALSE,NA,NA,NA,NA,"Female",NA,NA,NA,NA,NA,"",TRUE,TRUE
2023-06-26,"Greek (Cypriot)","WS","Grohmann",58452,27,489,489,FALSE,NA,NA,NA,NA,"Male",NA,NA,NA,NA,NA,"",TRUE,TRUE
2023-06-26,"Greek (Cypriot)","WS","Grohmann",58453,27,482,482,FALSE,NA,NA,NA,NA,"Male",NA,NA,NA,NA,NA,"",TRUE,TRUE
2023-06-26,"Greek (Cypriot)","WS","Grohmann",58454,30,455,455,FALSE,NA,NA,NA,NA,"Male",NA,NA,NA,NA,NA,"",TRUE,TRUE
2023-06-26,"Greek (Cypriot)","WS","Grohmann",58455,30,671,671,FALSE,NA,NA,NA,NA,"Male",NA,NA,NA,NA,NA,"",TRUE,TRUE
2023-06-26,"Greek (Cypriot)","WS","Grohmann",58456,30,604,604,FALSE,NA,NA,NA,NA,"Male",NA,NA,NA,NA,NA,"",TRUE,TRUE
2023-06-26,"Greek (Cypriot)","WS","Grohmann",58457,30,259,259,FALSE,NA,NA,NA,NA,"Female",NA,NA,NA,NA,NA,"",TRUE,TRUE
2023-06-26,"Greek (Cypriot)","WS","Grohmann",58458,30,113,113,FALSE,NA,NA,NA,NA,"Female",NA,NA,NA,NA,NA,"",TRUE,TRUE
2023-06-26,"Greek (Cypriot)","WS","Grohmann",58459,30,288,288,FALSE,NA,NA,NA,NA,"Male",NA,NA,NA,NA,NA,"",TRUE,TRUE
2023-06-26,"Greek (Cypriot)","WS","Grohmann",58460,30,423,423,FALSE,NA,NA,NA,NA,"Male",NA,NA,NA,NA,NA,"",TRUE,TRUE
2023-06-26,"Greek (Cypriot)","WS","Grohmann",58461,30,361,361,FALSE,NA,NA,NA,NA,"Male",NA,NA,NA,NA,NA,"",TRUE,TRUE
2023-06-26,"Greek (Cypriot)","WS","Grohmann",58462,30,620,620,FALSE,NA,NA,NA,NA,"Male",NA,NA,NA,NA,NA,"",TRUE,TRUE
2023-06-26,"Greek (Cypriot)","WS","Grohmann",58463,30,464,464,FALSE,NA,NA,NA,NA,"Male",NA,NA,NA,NA,NA,"",TRUE,TRUE
2023-06-26,"Greek (Cypriot)","WS","Grohmann",58464,30,416,416,FALSE,NA,NA,NA,NA,"Male",NA,NA,NA,NA,NA,"",TRUE,TRUE
2023-06-26,"Greek (Cypriot)","WS","Grohmann",58465,30,322,322,FALSE,NA,NA,NA,NA,"Male",NA,NA,NA,NA,NA,"",TRUE,TRUE
2023-06-26,"Greek (Cypriot)","WS","Grohmann",58466,30,526,526,FALSE,NA,NA,NA,NA,"Male",NA,NA,NA,NA,NA,"",TRUE,TRUE
2023-06-26,"Greek (Cypriot)","WS","Grohmann",58467,30,673,673,FALSE,NA,NA,NA,NA,"Male",NA,NA,NA,NA,NA,"",TRUE,TRUE
2023-06-26,"Greek (Cypriot)","WS","Grohmann",58468,30,384,384,FALSE,NA,NA,NA,NA,"Female",NA,NA,NA,NA,NA,"",TRUE,TRUE
2023-06-26,"Greek (Cypriot)","WS","Grohmann",58469,30,431,431,FALSE,NA,NA,NA,NA,"Female",NA,NA,NA,NA,NA,"",TRUE,TRUE
2023-06-26,"Greek (Cypriot)","WS","Grohmann",58470,30,601,601,FALSE,NA,NA,NA,NA,"Male",NA,NA,NA,NA,NA,"",TRUE,TRUE
2023-06-26,"Greek (Cypriot)","WS","Grohmann",58471,30,566,566,FALSE,NA,NA,NA,NA,"Female",NA,NA,NA,NA,NA,"",TRUE,TRUE
2023-06-26,"Greek (Cypriot)","WS","Grohmann",58472,30,414,414,FALSE,NA,NA,NA,NA,"Female",NA,NA,NA,NA,NA,"",TRUE,TRUE
2023-06-26,"Greek (Cypriot)","WS","Grohmann",58473,30,255,255,FALSE,NA,NA,NA,NA,"Female",NA,NA,NA,NA,NA,"",TRUE,TRUE
2023-06-26,"Greek (Cypriot)","WS","Grohmann",58474,30,175,175,FALSE,NA,NA,NA,NA,"Female",NA,NA,NA,NA,NA,"",TRUE,TRUE
2023-06-26,"Greek (Cypriot)","WS","Grohmann",58475,30,143,143,FALSE,NA,NA,NA,NA,"Male",NA,NA,NA,NA,NA,"",TRUE,TRUE
2023-06-26,"Greek (Cypriot)","WS","Grohmann",58476,30,505,505,FALSE,NA,NA,NA,NA,"Male",NA,NA,NA,NA,NA,"",TRUE,TRUE
2023-06-26,"Greek (Cypriot)","WS","Grohmann",58477,30,555,555,FALSE,NA,NA,NA,NA,"Female",NA,NA,NA,NA,NA,"",TRUE,TRUE
2023-06-26,"Greek (Cypriot)","WS","Grohmann",58478,30,657,657,FALSE,NA,NA,NA,NA,"Male",NA,NA,NA,NA,NA,"",TRUE,TRUE
2023-06-26,"Greek (Cypriot)","WS","Grohmann",58479,30,324,324,FALSE,NA,NA,NA,NA,"Female",NA,NA,NA,NA,NA,"",TRUE,TRUE
2023-06-26,"Greek (Cypriot)","WS","Grohmann",58480,30,302,302,FALSE,NA,NA,NA,NA,"Male",NA,NA,NA,NA,NA,"",TRUE,TRUE
2023-06-26,"Greek (Cypriot)","WS","Grohmann",58481,30,538,538,FALSE,NA,NA,NA,NA,"Male",NA,NA,NA,NA,NA,"",TRUE,TRUE
2023-06-26,"Greek (Cypriot)","WS","Grohmann",58482,30,224,224,FALSE,NA,NA,NA,NA,"Male",NA,NA,NA,NA,NA,"",TRUE,TRUE
2023-06-26,"Greek (Cypriot)","WS","Grohmann",58483,30,197,197,FALSE,NA,NA,NA,NA,"Male",NA,NA,NA,NA,NA,"",TRUE,TRUE
2023-06-26,"Greek (Cypriot)","WS","Grohmann",58484,30,337,337,FALSE,NA,NA,NA,NA,"Female",NA,NA,NA,NA,NA,"",TRUE,TRUE
2023-06-26,"Greek (Cypriot)","WS","Grohmann",58485,30,321,321,FALSE,NA,NA,NA,NA,"Male",NA,NA,NA,NA,NA,"",TRUE,TRUE
2023-06-26,"Greek (Cypriot)","WS","Grohmann",58486,30,372,372,FALSE,NA,NA,NA,NA,"Female",NA,NA,NA,NA,NA,"",TRUE,TRUE
2023-06-26,"Greek (Cypriot)","WS","Grohmann",58487,30,157,157,FALSE,NA,NA,NA,NA,"Male",NA,NA,NA,NA,NA,"",TRUE,TRUE
2023-06-26,"Greek (Cypriot)","WS","Grohmann",75323,21,24,24,FALSE,NA,NA,NA,NA,"Male",NA,NA,NA,NA,NA,"",TRUE,TRUE
